{
    "MAE": 4450.625074026957,
    "RMSE": 5894.149097065012,
    "degree": 7
}