{
    "MAE": 4450.633171112223,
    "RMSE": 5894.159821467003,
    "degree": 7
}