{
    "MAE": 1028.3667562139613,
    "RMSE": 1221.2586718437556,
    "degree": 4
}