{
    "MAE": 243.76127507312208,
    "RMSE": 258.31285388579,
    "degree": 2
}