{
    "MAE": 2970.5869985495938,
    "RMSE": 3804.4014390747325,
    "degree": 6
}