{
    "MAE": 2000.76127507312208,
    "RMSE": 2000.31285388579,
    "degree": 2
}