{
    "MAE": 1877.6312270657158,
    "RMSE": 2318.552040576674,
    "degree": 5
}