{
    "MAE": 325.6223283314413,
    "RMSE": 373.45884431318564,
    "degree": 3
}