{
    "MAE": 2970.5809055396307,
    "RMSE": 3804.3936345659536,
    "degree": 6
}