{
<<<<<<< HEAD
    "MAE": 1877.6312270657158,
    "RMSE": 2318.552040576674,
    "degree": 5
=======
    "MAE": 243.76127507312208,
    "RMSE": 258.31285388579,
    "degree": 2
>>>>>>> 2dcff2832fa7c4f4ae2eeeccd07198f962e08ee9
}