{
    "MAE": 300.76127507312208,
    "RMSE": 300.31285388579,
    "degree": 3
}